﻿{
    "projectCode": "4028b081714f22d001714f2450c20000",
    "corpCode": "91340103MA2U6ER43W",
    "corpName": "安徽昌城建筑劳务有限公司",
    "teamSysNo": "4028898d715e53f201715e561ac50001",
    "workerList": [{
            "type": 1,
            "idcard": "W8FRV4Hwt19gKCejYSYImqXyt3jHuQ8UDMaCckYB55A=",
            "date": "2020-04-01"

        },
        {
            "type": 0,
            "idcard": "5J01DrHqR1kF/ZE4YA2FQm0az8HXOxqa41I2bpWDdec=",
            "date": "2019-03-06"

        },
        {
            "type": 1,
            "idcard": "425CECys585clGJo6H6GA6FssVqPl9jrOW53IEMP3eY=",
            "date": "2020-04-03"

        },
        {
            "type": 1,
            "idcard": "0tJTYsK3Sj7toFz2/kmArg9daeEKCNXsmB9xBJ5/Ehc=",
            "date": "2018-04-05"

        },
        {
            "type": 0,
            "idcard": "RBStBVRpKF6iR5/5mfVJ9bOk6NaZbQpoazk9QI5vDp8=",
            "date": "2020-04-05"

        }
    ]
}