{
    "projectCode": "4028b081714f22d001714f2450c20000",
    "corpCode": "91340103MA2U6ER43W",
    "corpName": "安徽昌城建筑劳务有限公司",
    "teamSysNo": "4028898d715e53f201715e561ac50001",
    "contractList": [{
			"idcard": "W8FRV4Hwt19gKCejYSYImqXyt3jHuQ8UDMaCckYB55A=",
			"corpCode": "91340103MA2U6ER43W",
			"corpName": "安徽昌城建筑劳务有限公司",
            "startDate": "2020-04-01",
			"contractLimit":365,
			"unit":1

        },
        {
            "idcard": "5J01DrHqR1kF/ZE4YA2FQm0az8HXOxqa41I2bpWDdec=",
            "corpCode": "91340103MA2U6ER43W",
			"corpName": "安徽昌城建筑劳务有限公司",
            "startDate": "2020-04-01",
			"contractLimit":365,
			"unit":1

        },
        {
            "idcard": "425CECys585clGJo6H6GA6FssVqPl9jrOW53IEMP3eY=",
            "corpCode": "91340103MA2U6ER43W",
			"corpName": "安徽昌城建筑劳务有限公司",
            "startDate": "2020-04-01",
			"contractLimit":365,
			"unit":1

        },
        {
            "idcard": "0tJTYsK3Sj7toFz2/kmArg9daeEKCNXsmB9xBJ5/Ehc=",
            "corpCode": "91340103MA2U6ER43W",
			"corpName": "安徽昌城建筑劳务有限公司",
            "startDate": "2020-04-01",
			"contractLimit":365,
			"unit":1

        },
        {
            "idcard": "RBStBVRpKF6iR5/5mfVJ9bOk6NaZbQpoazk9QI5vDp8=",
            "corpCode": "91340103MA2U6ER43W",
			"corpName": "安徽昌城建筑劳务有限公司",
            "startDate": "2020-04-01",
			"contractLimit":365, 
			"unit":1

        }
    ]
}